"last_name, first_name",player_id,year,pa,k_percent,bb_percent,woba,xwoba,xwobacon,sweet_spot_percent,barrel_batted_rate,hard_hit_percent,avg_best_speed,avg_hyper_speed,whiff_percent,swing_percent,season
"Ramos, Heliot",671218,2025,26,42.3,0.0,0.418,0.238,0.412,40.0,6.7,46.7,101.6704625,95.709051333,25.0,63.3,2025
"Pham, Tommy",502054,2025,27,29.6,11.1,0.183,0.242,0.25,13.3,0.0,40.0,99.522132857,93.817654286,20.5,37.6,2025
"Smith, Will",669257,2025,28,21.4,25.0,0.538,0.453,0.51,50.0,7.1,35.7,97.866065714,92.966904286,33.3,33.1,2025
"Bichette, Bo",666182,2025,32,9.4,6.3,0.338,0.409,0.423,46.2,7.7,53.8,101.675036154,95.529315385,14.3,48.1,2025
"Lowe, Brandon",664040,2025,26,26.9,7.7,0.382,0.509,0.697,47.1,23.5,64.7,105.413551111,98.496180588,42.1,58.8,2025
"Trout, Mike",545361,2025,26,19.2,7.7,0.225,0.391,0.464,50.0,11.1,33.3,99.828194444,93.914097222,28.3,49.5,2025
"Contreras, William",661388,2025,25,32.0,20.0,0.189,0.269,0.311,25.0,8.3,25.0,97.053896667,93.05728,40.4,41.6,2025
"Butler, Lawrence",671732,2025,29,10.3,17.2,0.267,0.335,0.298,23.8,9.5,38.1,100.451536364,94.59360381,30.8,48.6,2025
"India, Jonathan",663697,2025,28,14.3,7.1,0.355,0.31,0.313,38.1,0.0,33.3,99.444938182,94.096715714,17.0,41.2,2025
"Albies, Ozzie",645277,2025,29,13.8,6.9,0.254,0.313,0.335,30.4,8.7,30.4,97.083880833,92.791057391,24.5,45.7,2025
"Crow-Armstrong, Pete",691718,2025,39,23.1,7.7,0.259,0.287,0.325,38.5,0.0,38.5,97.654723846,93.3757336,26.8,62.1,2025
"Tucker, Kyle",663656,2025,45,13.3,17.8,0.502,0.446,0.478,41.9,25.8,41.9,99.79921875,94.13624,18.3,42.0,2025
"Mullins II, Cedric",656775,2025,25,20.0,4.0,0.414,0.366,0.43,44.4,16.7,38.9,99.453721111,93.77932,25.0,55.9,2025
"Vientos, Mark",668901,2025,26,15.4,7.7,0.15,0.263,0.273,30.0,10.0,30.0,98.532339,93.2950185,32.7,51.0,2025
"Adames, Willy",642715,2025,26,34.6,7.7,0.17,0.249,0.34,20.0,6.7,60.0,99.82002125,95.473236667,31.1,48.9,2025
"McKinstry, Zach",656716,2025,25,20.0,12.0,0.272,0.284,0.32,47.1,0.0,35.3,95.333745556,91.882571176,26.9,55.9,2025
"Lowe, Nathaniel",663993,2025,25,52.0,8.0,0.428,0.325,0.675,40.0,30.0,70.0,107.501508,99.532924,32.8,47.7,2025
"Perez, Salvador",521692,2025,25,20.0,4.0,0.252,0.362,0.44,42.1,10.5,31.6,97.178748,92.951423158,28.8,61.9,2025
"Winn, Masyn",691026,2025,25,40.0,12.0,0.154,0.239,0.326,25.0,8.3,41.7,101.855358,96.105101,34.0,42.0,2025
"Merrill, Jackson",701538,2025,27,14.8,7.4,0.481,0.515,0.596,52.4,19.0,42.9,101.698590909,95.35193619,15.4,58.4,2025
"Shaw, Matt",807713,2025,39,28.2,12.8,0.287,0.272,0.312,30.4,4.3,17.4,92.130132727,90.697437727,37.7,46.0,2025
"Suárez, Eugenio",553993,2025,25,20.0,12.0,0.519,0.618,0.795,31.3,37.5,68.8,107.0381175,100.4725,38.1,45.2,2025
"Raleigh, Cal",663728,2025,28,25.0,14.3,0.236,0.294,0.322,17.6,11.8,41.2,100.808215556,94.78082,36.5,46.0,2025
"Edman, Tommy",669242,2025,33,12.1,3.0,0.406,0.433,0.49,39.3,14.3,53.6,101.276626154,96.0093988,18.9,53.5,2025
"Bregman, Alex",608324,2025,27,22.2,3.7,0.222,0.322,0.4,35.0,5.0,55.0,101.450398,96.185175,14.3,42.4,2025
"Hoerner, Nico",663538,2025,27,3.7,11.1,0.339,0.314,0.278,17.4,0.0,13.0,92.457635,90.562735217,12.0,49.5,2025
"Scott II, Victor",687363,2025,26,19.2,7.7,0.385,0.291,0.326,42.1,10.5,26.3,98.361134444,93.485306471,21.6,48.6,2025
"Machado, Manny",592518,2025,27,11.1,7.4,0.421,0.343,0.358,22.7,4.5,50.0,102.903347273,95.792451818,26.7,46.9,2025
"Springer III, George",543807,2025,25,32.0,16.0,0.507,0.452,0.657,69.2,30.8,61.5,105.270084286,98.126335385,32.5,41.2,2025
"Ward, Taylor",621493,2025,26,15.4,7.7,0.255,0.327,0.374,25.0,10.0,45.0,101.245434,94.624449,11.4,41.5,2025
"Bogaerts, Xander",593428,2025,27,25.9,14.8,0.291,0.281,0.328,40.0,0.0,33.3,98.76612625,93.741934,25.0,41.2,2025
"Frelick, Sal",686217,2025,26,23.1,11.5,0.312,0.28,0.28,25.0,0.0,18.8,93.1161975,91.193944667,19.0,40.0,2025
"Olson, Matt",621566,2025,29,17.2,24.1,0.328,0.47,0.518,23.5,29.4,64.7,104.087763333,97.833854118,17.9,41.5,2025
"Edwards, Xavier",669364,2025,32,18.8,9.4,0.297,0.282,0.32,26.1,0.0,17.4,91.69701,90.440090455,16.9,53.2,2025
"Burger, Jake",669394,2025,26,23.1,3.8,0.216,0.288,0.337,22.2,11.1,44.4,103.011991111,95.669672778,28.3,60.5,2025
"Soderstrom, Tyler",691016,2025,28,28.6,3.6,0.418,0.342,0.468,36.8,15.8,57.9,105.004501,97.713206842,30.6,45.8,2025
"Bride, Jonah",681146,2025,28,25.0,17.9,0.168,0.235,0.224,37.5,0.0,12.5,92.81870375,90.61351625,23.8,32.3,2025
"Duran, Jarren",680776,2025,28,21.4,3.6,0.279,0.334,0.397,45.0,10.0,65.0,102.810047,97.138472,25.5,53.4,2025
"Santana, Carlos",467793,2025,26,11.5,7.7,0.27,0.259,0.276,28.6,4.8,42.9,100.18994,94.559899524,15.9,41.9,2025
"Reynolds, Bryan",668804,2025,33,27.3,6.1,0.214,0.23,0.282,13.6,0.0,45.5,100.459797273,94.614292273,32.9,49.6,2025
"Keith, Colt",690993,2025,25,28.0,32.0,0.342,0.4,0.447,40.0,10.0,20.0,88.444584,91.075041,39.0,33.6,2025
"García, Adolis",666969,2025,25,8.0,8.0,0.401,0.435,0.438,35.0,25.0,55.0,104.682184,97.8167015,30.2,57.6,2025
"Soto, Juan",665742,2025,27,11.1,22.2,0.375,0.378,0.337,16.7,5.6,61.1,104.459711111,97.827109444,16.7,27.8,2025
"Turang, Brice",668930,2025,27,25.9,3.7,0.332,0.358,0.473,31.6,10.5,42.1,100.193104444,95.125378333,24.6,50.0,2025
"Arenado, Nolan",571448,2025,28,10.7,17.9,0.46,0.298,0.284,25.0,5.0,30.0,97.166731,92.79724,19.5,44.6,2025
"Rutschman, Adley",668939,2025,27,11.1,11.1,0.375,0.454,0.485,47.6,14.3,19.0,96.510035455,92.544343333,15.8,36.5,2025
"Swanson, Dansby",621020,2025,39,20.5,7.7,0.324,0.355,0.42,35.7,7.1,39.3,100.104766429,94.0908625,28.8,47.8,2025
"Chapman, Matt",656305,2025,25,32.0,16.0,0.335,0.237,0.243,15.4,7.7,30.8,98.303885714,93.548246154,35.9,39.0,2025
"Ortiz, Joey",687401,2025,25,20.0,4.0,0.22,0.19,0.214,15.8,5.3,31.6,96.599275556,92.520092778,17.8,51.1,2025
"Hernández, Teoscar",606192,2025,33,27.3,9.1,0.307,0.38,0.504,42.9,14.3,38.1,102.015169,95.0075845,35.9,58.6,2025
"Cruz, Oneil",665833,2025,30,23.3,20.0,0.384,0.455,0.574,64.7,17.6,52.9,103.566246667,96.438265882,27.3,37.9,2025
"Díaz, Yandy",650490,2025,28,3.6,3.6,0.165,0.33,0.328,19.2,7.7,50.0,104.855686923,97.165963462,10.2,49.5,2025
"Giménez, Andrés",665926,2025,30,13.3,10.0,0.473,0.401,0.42,22.7,4.5,36.4,100.074041818,94.728514286,18.2,43.0,2025
"Stowers, Kyle",669065,2025,26,26.9,23.1,0.403,0.42,0.506,33.3,16.7,66.7,103.593511667,97.4111,38.2,48.2,2025
"Semien, Marcus",543760,2025,28,21.4,7.1,0.144,0.23,0.255,15.0,5.0,30.0,97.184641,92.86265,28.8,46.5,2025
"Carroll, Corbin",682998,2025,27,25.9,11.1,0.366,0.48,0.63,60.0,26.7,60.0,105.75302,98.698468,37.2,51.2,2025
"Rooker Jr., Brent",667670,2025,31,32.3,3.2,0.365,0.436,0.641,50.0,20.0,50.0,100.427894,94.6825235,36.7,57.1,2025
"Donovan, Brendan",680977,2025,28,14.3,7.1,0.25,0.359,0.394,27.3,13.6,50.0,102.45232,95.441519545,15.2,43.4,2025
"Guerrero Jr., Vladimir",665489,2025,31,25.8,9.7,0.275,0.332,0.411,30.0,10.0,70.0,106.742569,99.5878865,25.4,46.8,2025
"Chourio, Jackson",694192,2025,28,42.9,0.0,0.336,0.3,0.525,31.3,12.5,62.5,103.205125,98.300108125,29.4,55.7,2025
"Naylor, Josh",647304,2025,26,7.7,15.4,0.339,0.312,0.268,20.0,5.0,35.0,100.424177,94.517848,14.7,37.4,2025
"Nimmo, Brandon",607043,2025,25,24.0,4.0,0.335,0.382,0.493,50.0,16.7,66.7,104.327848889,97.600972778,29.2,54.5,2025
"McLain, Matt",680574,2025,26,34.6,3.8,0.41,0.393,0.587,40.0,26.7,60.0,102.20767625,96.694954,31.7,38.7,2025
"Lopez, Otto",672640,2025,32,9.4,9.4,0.406,0.48,0.519,50.0,15.4,34.6,98.724360769,93.380325385,15.7,44.0,2025
"Bleday, JJ",668709,2025,29,6.9,10.3,0.237,0.266,0.236,25.0,0.0,45.8,101.508793333,94.754396667,10.9,43.8,2025
"Nootbaar, Lars",663457,2025,30,10.0,16.7,0.513,0.501,0.517,47.6,9.5,57.1,105.380897273,98.276139524,15.7,37.8,2025
"Wood, James",695578,2025,25,44.0,8.0,0.295,0.275,0.458,8.3,16.7,66.7,107.594411667,99.281283333,27.1,41.0,2025
"De La Cruz, Elly",682829,2025,25,24.0,4.0,0.436,0.515,0.677,50.0,27.8,61.1,105.148294444,98.190277222,35.9,36.8,2025
"Langford, Wyatt",694671,2025,28,14.3,7.1,0.355,0.341,0.371,31.8,9.1,50.0,100.808012727,95.259945,19.6,50.5,2025
"Devers, Rafael",646240,2025,27,55.6,14.8,0.182,0.173,0.239,12.5,12.5,62.5,106.4214025,98.289115,52.8,50.7,2025
"Rengifo, Luis",650859,2025,25,16.0,8.0,0.212,0.248,0.253,21.1,0.0,26.3,95.674091111,91.837045556,25.0,47.5,2025
"Alvarez, Yordan",670541,2025,25,28.0,16.0,0.232,0.287,0.316,28.6,7.1,28.6,97.730127143,93.003083571,25.9,47.0,2025
"Ozuna, Marcell",542303,2025,29,24.1,44.8,0.401,0.388,0.252,22.2,0.0,33.3,99.489142,95.114074444,31.6,27.3,2025
"Schanuel, Nolan",694384,2025,25,20.0,0.0,0.32,0.273,0.321,36.8,0.0,36.8,99.263805,94.090071579,16.3,52.1,2025
"Kwan, Steven",680757,2025,26,19.2,7.7,0.401,0.326,0.376,52.6,5.3,15.8,94.564292222,91.358600556,12.8,40.2,2025
"Busch, Michael",683737,2025,31,22.6,9.7,0.328,0.321,0.358,30.0,5.0,45.0,99.779052,93.936035,30.6,43.0,2025
"Happ, Ian",664023,2025,46,21.7,15.2,0.274,0.308,0.322,24.1,3.4,24.1,96.745383571,92.548302857,20.5,42.6,2025
"Paredes, Isaac",670623,2025,25,20.0,20.0,0.259,0.332,0.323,46.7,0.0,60.0,102.96593875,97.234423333,20.8,41.4,2025
"Pages, Andy",681624,2025,30,36.7,10.0,0.218,0.244,0.273,35.7,0.0,28.6,94.988747143,91.494373571,21.4,45.8,2025
"Alonso, Pete",624413,2025,26,7.7,19.2,0.457,0.544,0.563,36.8,31.6,63.2,107.692922,99.769665789,18.5,40.6,2025
"Harris II, Michael",671739,2025,25,32.0,0.0,0.189,0.27,0.397,47.1,11.8,29.4,96.84673,92.714482353,28.9,52.9,2025
"Riley, Austin",663586,2025,29,37.9,6.9,0.193,0.248,0.362,62.5,25.0,43.8,103.88883875,96.05367375,33.3,47.9,2025
"Ohtani, Shohei",660271,2025,37,16.2,18.9,0.464,0.441,0.505,29.2,8.3,66.7,106.980040909,100.186395455,25.4,41.8,2025
"Altuve, Jose",514888,2025,25,24.0,8.0,0.421,0.255,0.294,17.6,5.9,47.1,97.491397778,93.024857647,23.9,48.4,2025
"Cronenworth, Jake",630105,2025,25,24.0,24.0,0.405,0.354,0.363,23.1,7.7,38.5,100.555794286,94.872933846,26.7,37.5,2025
"Tatis Jr., Fernando",665487,2025,31,3.2,12.9,0.453,0.545,0.543,30.8,19.2,38.5,101.898996154,95.385324,18.5,46.2,2025
"Bell, Josh",605137,2025,25,28.0,12.0,0.201,0.238,0.259,40.0,6.7,20.0,88.02255125,90.971868667,36.4,53.4,2025
"Muncy, Max",571970,2025,28,39.3,10.7,0.196,0.308,0.48,42.9,14.3,42.9,101.298911429,95.160952308,27.4,49.6,2025
"Abrams, CJ",682928,2025,26,26.9,3.8,0.385,0.421,0.57,27.8,16.7,44.4,103.392406667,96.07995,24.5,48.5,2025
"Arozarena, Randy",668227,2025,28,28.6,17.9,0.361,0.481,0.669,46.7,20.0,60.0,105.33194375,97.958138,38.1,48.5,2025
"Suzuki, Seiya",673548,2025,45,37.8,8.9,0.4,0.348,0.538,50.0,20.8,54.2,104.524203333,96.8577775,27.4,42.2,2025
"Rodríguez, Julio",677594,2025,29,31.0,17.2,0.356,0.347,0.398,15.4,7.7,61.5,102.335311429,96.852006923,50.0,49.1,2025
"Robles, Victor",645302,2025,30,16.7,0.0,0.239,0.215,0.239,25.0,4.2,16.7,92.591423333,90.589029583,23.1,60.7,2025
"Contreras, Willson",575929,2025,25,40.0,4.0,0.081,0.189,0.297,57.1,0.0,28.6,96.002478571,92.616400769,40.0,50.0,2025
"Witt Jr., Bobby",677951,2025,28,21.4,7.1,0.277,0.356,0.44,42.1,5.3,57.9,102.521077778,96.910141765,24.6,53.3,2025
"Santander, Anthony",623993,2025,30,23.3,10.0,0.259,0.284,0.323,30.0,5.0,30.0,97.857903,93.2949415,27.6,47.2,2025
"Marte, Ketel",606466,2025,30,13.3,20.0,0.37,0.374,0.355,20.0,0.0,55.0,104.987543,97.5501475,27.8,46.6,2025
"Torkelson, Spencer",679529,2025,27,33.3,18.5,0.429,0.349,0.46,53.8,7.7,46.2,100.829888571,95.279845385,20.8,40.8,2025
"Kiner-Falefa, Isiah",643396,2025,26,11.5,15.4,0.372,0.359,0.325,33.3,0.0,22.2,96.563586667,92.620575882,11.6,41.7,2025
"Greene, Riley",682985,2025,27,37.0,0.0,0.392,0.318,0.505,41.2,11.8,41.2,101.021462222,94.97641,33.3,50.9,2025
"Arraez, Luis",650333,2025,30,0.0,3.3,0.187,0.259,0.243,31.0,0.0,20.7,94.130847143,91.21248037,3.8,48.1,2025
